{"pruned.forward": 0.20825120134072173, "pruned.forward_std": 0.010813391864434136, "pruned.backward": 0.4691609150937034, "pruned.backward_std": 0.024298394270498028, "simplified.forward": 0.04587953620486789, "simplified.forward_std": 0.002678663116879136, "simplified.backward": 0.06342627459930049, "simplified.backward_std": 0.002296305684986207, "remaining_neurons": 5.0347222222222285, "_runtime": 248, "_timestamp": 1633350487, "_step": 19, "_wandb": {"runtime": 249}}