{"pruned.forward": 2.1706207069154413, "pruned.forward_std": 0.04514007853355099, "pruned.backward": 4.913185167540279, "pruned.backward_std": 0.3824040618448332, "simplified.forward": 2.051759818361865, "simplified.forward_std": 0.05016978332294192, "simplified.backward": 4.745694266994381, "simplified.backward_std": 0.24354547929368356, "remaining_neurons": 5.0, "_runtime": 3046, "_timestamp": 1633353539, "_step": 19, "_wandb": {"runtime": 3046}}